State,Household Income,Population,Per Capita Income,State Index,Year,Latitude,Longitude
Alaska,64635.0,683142.0,29382.0,02,2009,64.0685,-152.2782
Alaska,66521.0,691189.0,30726.0,02,2010,64.0685,-152.2782
Alaska,69014.0,700703.0,31944.0,02,2011,64.0685,-152.2782
Alaska,69917.0,711139.0,32537.0,02,2012,64.0685,-152.2782
Alaska,70760.0,720316.0,32651.0,02,2013,64.0685,-152.2782
Alaska,71829.0,728300.0,33129.0,02,2014,64.0685,-152.2782
Alaska,72515.0,733375.0,33413.0,02,2015,64.0685,-152.2782
Alaska,74444.0,736855.0,34191.0,02,2016,64.0685,-152.2782
Alabama,41216.0,4633360.0,22732.0,01,2009,32.7794,-86.8287
Alabama,42081.0,4712651.0,22984.0,01,2010,32.7794,-86.8287
Alabama,42934.0,4747424.0,23483.0,01,2011,32.7794,-86.8287
Alabama,43160.0,4777326.0,23587.0,01,2012,32.7794,-86.8287
Alabama,43253.0,4799277.0,23680.0,01,2013,32.7794,-86.8287
Alabama,43511.0,4817678.0,23936.0,01,2014,32.7794,-86.8287
Alabama,43623.0,4830620.0,24091.0,01,2015,32.7794,-86.8287
Alabama,44758.0,4841164.0,24736.0,01,2016,32.7794,-86.8287
Arkansas,38542.0,2838143.0,20977.0,05,2009,34.8938,-92.4426
Arkansas,39267.0,2872684.0,21274.0,05,2010,34.8938,-92.4426
Arkansas,40149.0,2895928.0,21833.0,05,2011,34.8938,-92.4426
Arkansas,40531.0,2916372.0,22007.0,05,2012,34.8938,-92.4426
Arkansas,40768.0,2933369.0,22170.0,05,2013,34.8938,-92.4426
Arkansas,41264.0,2947036.0,22595.0,05,2014,34.8938,-92.4426
Arkansas,41371.0,2958208.0,22798.0,05,2015,34.8938,-92.4426
Arkansas,42336.0,2968472.0,23401.0,05,2016,34.8938,-92.4426
Arizona,50296.0,6324865.0,25203.0,04,2009,34.2744,-111.6602
Arizona,50448.0,6246816.0,25680.0,04,2010,34.2744,-111.6602
Arizona,50752.0,6337373.0,25784.0,04,2011,34.2744,-111.6602
Arizona,50256.0,6410979.0,25571.0,04,2012,34.2744,-111.6602
Arizona,49774.0,6479703.0,25358.0,04,2013,34.2744,-111.6602
Arizona,49928.0,6561516.0,25537.0,04,2014,34.2744,-111.6602
Arizona,50255.0,6641928.0,25848.0,04,2015,34.2744,-111.6602
Arizona,51340.0,6728577.0,26686.0,04,2016,34.2744,-111.6602
California,60392.0,36308527.0,29020.0,06,2009,37.1841,-119.4696
California,60883.0,36637290.0,29188.0,06,2010,37.1841,-119.4696
California,61632.0,36969200.0,29634.0,06,2011,37.1841,-119.4696
California,61400.0,37325068.0,29551.0,06,2012,37.1841,-119.4696
California,61094.0,37659181.0,29527.0,06,2013,37.1841,-119.4696
California,61489.0,38066920.0,29906.0,06,2014,37.1841,-119.4696
California,61818.0,38421464.0,30318.0,06,2015,37.1841,-119.4696
California,63783.0,38654206.0,31458.0,06,2016,37.1841,-119.4696
Colorado,56222.0,4843211.0,29679.0,08,2009,38.9972,-105.5478
Colorado,56456.0,4887061.0,30151.0,08,2010,38.9972,-105.5478
Colorado,57685.0,4966061.0,30816.0,08,2011,38.9972,-105.5478
Colorado,58244.0,5042853.0,31039.0,08,2012,38.9972,-105.5478
Colorado,58433.0,5119329.0,31109.0,08,2013,38.9972,-105.5478
Colorado,59448.0,5197580.0,31674.0,08,2014,38.9972,-105.5478
Colorado,60629.0,5278906.0,32217.0,08,2015,38.9972,-105.5478
Colorado,62520.0,5359295.0,33230.0,08,2016,38.9972,-105.5478
Connecticut,67721.0,3494487.0,36468.0,09,2009,41.6219,-72.7273
Connecticut,67740.0,3545837.0,36775.0,09,2010,41.6219,-72.7273
Connecticut,69243.0,3558172.0,37627.0,09,2011,41.6219,-72.7273
Connecticut,69519.0,3572213.0,37807.0,09,2012,41.6219,-72.7273
Connecticut,69461.0,3583561.0,37892.0,09,2013,41.6219,-72.7273
Connecticut,69899.0,3592053.0,38480.0,09,2014,41.6219,-72.7273
Connecticut,70331.0,3593222.0,38803.0,09,2015,41.6219,-72.7273
Connecticut,71755.0,3588570.0,39906.0,09,2016,41.6219,-72.7273
District of Columbia,56519.0,588433.0,40846.0,11,2009,38.9101,-77.0147
District of Columbia,58526.0,584400.0,42078.0,11,2010,38.9101,-77.0147
District of Columbia,61835.0,593955.0,43993.0,11,2011,38.9101,-77.0147
District of Columbia,64267.0,605759.0,45004.0,11,2012,38.9101,-77.0147
District of Columbia,65830.0,619371.0,45290.0,11,2013,38.9101,-77.0147
District of Columbia,69235.0,633736.0,46502.0,11,2014,38.9101,-77.0147
District of Columbia,70848.0,647484.0,47675.0,11,2015,38.9101,-77.0147
District of Columbia,72935.0,659009.0,48781.0,11,2016,38.9101,-77.0147
Delaware,57618.0,863832.0,28935.0,10,2009,38.9896,-75.505
Delaware,57599.0,881278.0,29007.0,10,2010,38.9896,-75.505
Delaware,59317.0,890856.0,29659.0,10,2011,38.9896,-75.505
Delaware,60119.0,900131.0,29733.0,10,2012,38.9896,-75.505
Delaware,59878.0,908446.0,29819.0,10,2013,38.9896,-75.505
Delaware,60231.0,917060.0,30191.0,10,2014,38.9896,-75.505
Delaware,60509.0,926454.0,30554.0,10,2015,38.9896,-75.505
Delaware,61017.0,934695.0,31118.0,10,2016,38.9896,-75.505
Florida,47450.0,18222420.0,26503.0,12,2009,28.6305,-82.4497
Florida,47661.0,18511620.0,26551.0,12,2010,28.6305,-82.4497
Florida,47827.0,18688787.0,26733.0,12,2011,28.6305,-82.4497
Florida,47309.0,18885152.0,26451.0,12,2012,28.6305,-82.4497
Florida,46956.0,19091156.0,26236.0,12,2013,28.6305,-82.4497
Florida,47212.0,19361792.0,26499.0,12,2014,28.6305,-82.4497
Florida,47507.0,19645772.0,26829.0,12,2015,28.6305,-82.4497
Florida,48900.0,19934451.0,27598.0,12,2016,28.6305,-82.4497
Georgia,49466.0,9497667.0,25098.0,13,2009,32.6415,-83.4426
Georgia,49347.0,9468815.0,25134.0,13,2010,32.6415,-83.4426
Georgia,49736.0,9600612.0,25383.0,13,2011,32.6415,-83.4426
Georgia,49604.0,9714569.0,25309.0,13,2012,32.6415,-83.4426
Georgia,49179.0,9810417.0,25182.0,13,2013,32.6415,-83.4426
Georgia,49342.0,9907756.0,25427.0,13,2014,32.6415,-83.4426
Georgia,49620.0,10006693.0,25737.0,13,2015,32.6415,-83.4426
Georgia,51037.0,10099320.0,26678.0,13,2016,32.6415,-83.4426
Hawaii,64661.0,1280241.0,28662.0,15,2009,20.2927,-156.3737
Hawaii,66420.0,1333591.0,28882.0,15,2010,20.2927,-156.3737
Hawaii,67116.0,1346554.0,29203.0,15,2011,20.2927,-156.3737
Hawaii,67492.0,1362730.0,29227.0,15,2012,20.2927,-156.3737
Hawaii,67402.0,1376298.0,29305.0,15,2013,20.2927,-156.3737
Hawaii,68201.0,1392704.0,29552.0,15,2014,20.2927,-156.3737
Hawaii,69515.0,1406299.0,29822.0,15,2015,20.2927,-156.3737
Hawaii,71977.0,1413673.0,30970.0,15,2016,20.2927,-156.3737
Iowa,48052.0,2978880.0,25060.0,19,2009,42.0751,-93.49600000000001
Iowa,48872.0,3016267.0,25335.0,19,2010,42.0751,-93.49600000000001
Iowa,50451.0,3032266.0,26110.0,19,2011,42.0751,-93.49600000000001
Iowa,51129.0,3047646.0,26545.0,19,2012,42.0751,-93.49600000000001
Iowa,51843.0,3062553.0,27027.0,19,2013,42.0751,-93.49600000000001
Iowa,52716.0,3078116.0,27621.0,19,2014,42.0751,-93.49600000000001
Iowa,53183.0,3093526.0,27950.0,19,2015,42.0751,-93.49600000000001
Iowa,54570.0,3106589.0,28872.0,19,2016,42.0751,-93.49600000000001
Idaho,46183.0,1492573.0,22262.0,16,2009,44.3509,-114.613
Idaho,46423.0,1526797.0,22518.0,16,2010,44.3509,-114.613
Idaho,46890.0,1549987.0,22788.0,16,2011,44.3509,-114.613
Idaho,47015.0,1567803.0,22581.0,16,2012,44.3509,-114.613
Idaho,46767.0,1583364.0,22568.0,16,2013,44.3509,-114.613
Idaho,47334.0,1599464.0,23087.0,16,2014,44.3509,-114.613
Idaho,47583.0,1616547.0,23399.0,16,2015,44.3509,-114.613
Idaho,49174.0,1635483.0,24280.0,16,2016,44.3509,-114.613
Illinois,55222.0,12785043.0,28469.0,17,2009,40.0417,-89.1965
Illinois,55735.0,12745359.0,28782.0,17,2010,40.0417,-89.1965
Illinois,56576.0,12790182.0,29376.0,17,2011,40.0417,-89.1965
Illinois,56853.0,12823860.0,29519.0,17,2012,40.0417,-89.1965
Illinois,56797.0,12848554.0,29666.0,17,2013,40.0417,-89.1965
Illinois,57166.0,12868747.0,30019.0,17,2014,40.0417,-89.1965
Illinois,57574.0,12873761.0,30494.0,17,2015,40.0417,-89.1965
Illinois,59196.0,12851684.0,31502.0,17,2016,40.0417,-89.1965
Indiana,47465.0,6342469.0,24044.0,18,2009,39.8942,-86.2816
Indiana,47697.0,6417398.0,24058.0,18,2010,39.8942,-86.2816
Indiana,48393.0,6454254.0,24497.0,18,2011,39.8942,-86.2816
Indiana,48374.0,6485530.0,24558.0,18,2012,39.8942,-86.2816
Indiana,48248.0,6514861.0,24635.0,18,2013,39.8942,-86.2816
Indiana,48737.0,6542411.0,24953.0,18,2014,39.8942,-86.2816
Indiana,49255.0,6568645.0,25346.0,18,2015,39.8942,-86.2816
Indiana,50433.0,6589578.0,26117.0,18,2016,39.8942,-86.2816
Kansas,48394.0,2777835.0,25522.0,20,2009,38.4937,-98.3804
Kansas,49424.0,2809329.0,25907.0,20,2010,38.4937,-98.3804
Kansas,50594.0,2830985.0,26545.0,20,2011,38.4937,-98.3804
Kansas,51273.0,2851183.0,26845.0,20,2012,38.4937,-98.3804
Kansas,51332.0,2868107.0,26929.0,20,2013,38.4937,-98.3804
Kansas,51872.0,2882946.0,27367.0,20,2014,38.4937,-98.3804
Kansas,52205.0,2892987.0,27706.0,20,2015,38.4937,-98.3804
Kansas,53571.0,2898292.0,28478.0,20,2016,38.4937,-98.3804
Kentucky,41197.0,4252000.0,22284.0,21,2009,37.5347,-85.3021
Kentucky,41576.0,4285828.0,22515.0,21,2010,37.5347,-85.3021
Kentucky,42248.0,4316040.0,23033.0,21,2011,37.5347,-85.3021
Kentucky,42610.0,4340167.0,23210.0,21,2012,37.5347,-85.3021
Kentucky,43036.0,4361333.0,23462.0,21,2013,37.5347,-85.3021
Kentucky,43342.0,4383272.0,23741.0,21,2014,37.5347,-85.3021
Kentucky,43740.0,4397353.0,24063.0,21,2015,37.5347,-85.3021
Kentucky,44811.0,4411989.0,24802.0,21,2016,37.5347,-85.3021
Louisiana,42167.0,4411546.0,22535.0,22,2009,31.0689,-91.9968
Louisiana,43445.0,4429940.0,23094.0,22,2010,31.0689,-91.9968
Louisiana,44086.0,4484596.0,23853.0,22,2011,31.0689,-91.9968
Louisiana,44673.0,4529605.0,24264.0,22,2012,31.0689,-91.9968
Louisiana,44874.0,4567968.0,24442.0,22,2013,31.0689,-91.9968
Louisiana,44991.0,4601049.0,24775.0,22,2014,31.0689,-91.9968
Louisiana,45047.0,4625253.0,24981.0,22,2015,31.0689,-91.9968
Louisiana,45652.0,4645670.0,25515.0,22,2016,31.0689,-91.9968
Massachusetts,64496.0,6511176.0,33460.0,25,2009,42.2596,-71.8083
Massachusetts,64509.0,6477096.0,33966.0,25,2010,42.2596,-71.8083
Massachusetts,65981.0,6512227.0,35051.0,25,2011,42.2596,-71.8083
Massachusetts,66658.0,6560595.0,35485.0,25,2012,42.2596,-71.8083
Massachusetts,66866.0,6605058.0,35763.0,25,2013,42.2596,-71.8083
Massachusetts,67846.0,6657291.0,36441.0,25,2014,42.2596,-71.8083
Massachusetts,68563.0,6705586.0,36895.0,25,2015,42.2596,-71.8083
Massachusetts,70954.0,6742143.0,38069.0,25,2016,42.2596,-71.8083
Maryland,69475.0,5637418.0,34236.0,24,2009,39.055,-76.7909
Maryland,70647.0,5696423.0,34849.0,24,2010,39.055,-76.7909
Maryland,72419.0,5736545.0,35751.0,24,2011,39.055,-76.7909
Maryland,72999.0,5785496.0,36056.0,24,2012,39.055,-76.7909
Maryland,73538.0,5834299.0,36354.0,24,2013,39.055,-76.7909
Maryland,74149.0,5887776.0,36670.0,24,2014,39.055,-76.7909
Maryland,74551.0,5930538.0,36897.0,24,2015,39.055,-76.7909
Maryland,76067.0,5959902.0,37756.0,24,2016,39.055,-76.7909
Maine,46541.0,1316380.0,24980.0,23,2009,45.3695,-69.2428
Maine,46933.0,1327665.0,25385.0,23,2010,45.3695,-69.2428
Maine,47898.0,1328543.0,26195.0,23,2011,45.3695,-69.2428
Maine,48219.0,1329084.0,26464.0,23,2012,45.3695,-69.2428
Maine,48453.0,1328320.0,26824.0,23,2013,45.3695,-69.2428
Maine,48804.0,1328535.0,27332.0,23,2014,45.3695,-69.2428
Maine,49331.0,1329100.0,27655.0,23,2015,45.3695,-69.2428
Maine,50826.0,1329923.0,28473.0,23,2016,45.3695,-69.2428
Michigan,48700.0,10039208.0,25172.0,26,2009,44.3467,-85.4102
Michigan,48432.0,9952687.0,25135.0,26,2010,44.3467,-85.4102
Michigan,48669.0,9920621.0,25482.0,26,2011,44.3467,-85.4102
Michigan,48471.0,9897264.0,25547.0,26,2012,44.3467,-85.4102
Michigan,48411.0,9886095.0,25681.0,26,2013,44.3467,-85.4102
Michigan,49087.0,9889024.0,26143.0,26,2014,44.3467,-85.4102
Michigan,49576.0,9900571.0,26607.0,26,2015,44.3467,-85.4102
Michigan,50803.0,9909600.0,27549.0,26,2016,44.3467,-85.4102
Minnesota,57007.0,5188581.0,29431.0,27,2009,46.2807,-94.3053
Minnesota,57243.0,5241914.0,29582.0,27,2010,46.2807,-94.3053
Minnesota,58476.0,5278190.0,30310.0,27,2011,46.2807,-94.3053
Minnesota,59126.0,5313081.0,30656.0,27,2012,46.2807,-94.3053
Minnesota,59836.0,5347740.0,30913.0,27,2013,46.2807,-94.3053
Minnesota,60828.0,5383661.0,31642.0,27,2014,46.2807,-94.3053
Minnesota,61492.0,5419171.0,32157.0,27,2015,46.2807,-94.3053
Minnesota,63217.0,5450868.0,33225.0,27,2016,46.2807,-94.3053
Missouri,46005.0,5904382.0,24423.0,29,2009,38.3566,-92.458
Missouri,46262.0,5922314.0,24724.0,29,2010,38.3566,-92.458
Missouri,47202.0,5955802.0,25371.0,29,2011,38.3566,-92.458
Missouri,47333.0,5982413.0,25546.0,29,2012,38.3566,-92.458
Missouri,47380.0,6007182.0,25649.0,29,2013,38.3566,-92.458
Missouri,47764.0,6028076.0,26006.0,29,2014,38.3566,-92.458
Missouri,48173.0,6045448.0,26259.0,29,2015,38.3566,-92.458
Missouri,49593.0,6059651.0,27044.0,29,2016,38.3566,-92.458
Mississippi,36796.0,2922240.0,19534.0,28,2009,32.7364,-89.6678
Mississippi,37881.0,2941991.0,19977.0,28,2010,32.7364,-89.6678
Mississippi,38718.0,2956700.0,20521.0,28,2011,32.7364,-89.6678
Mississippi,38882.0,2967620.0,20670.0,28,2012,32.7364,-89.6678
Mississippi,39031.0,2976872.0,20618.0,28,2013,32.7364,-89.6678
Mississippi,39464.0,2984345.0,20956.0,28,2014,32.7364,-89.6678
Mississippi,39665.0,2988081.0,21057.0,28,2015,32.7364,-89.6678
Mississippi,40528.0,2989192.0,21651.0,28,2016,32.7364,-89.6678
Montana,43089.0,956257.0,22881.0,30,2009,47.0527,-109.6333
Montana,43872.0,973739.0,23836.0,30,2010,47.0527,-109.6333
Montana,45324.0,982854.0,24640.0,30,2011,47.0527,-109.6333
Montana,45456.0,990785.0,25002.0,30,2012,47.0527,-109.6333
Montana,46230.0,998554.0,25373.0,30,2013,47.0527,-109.6333
Montana,46766.0,1006370.0,25977.0,30,2014,47.0527,-109.6333
Montana,47169.0,1014699.0,26381.0,30,2015,47.0527,-109.6333
Montana,48380.0,1023391.0,27309.0,30,2016,47.0527,-109.6333
North Carolina,45069.0,9045705.0,24547.0,37,2009,35.5557,-79.3877
North Carolina,45570.0,9271178.0,24745.0,37,2010,35.5557,-79.3877
North Carolina,46291.0,9418736.0,25256.0,37,2011,35.5557,-79.3877
North Carolina,46450.0,9544249.0,25285.0,37,2012,35.5557,-79.3877
North Carolina,46334.0,9651380.0,25284.0,37,2013,35.5557,-79.3877
North Carolina,46693.0,9750405.0,25608.0,37,2014,35.5557,-79.3877
North Carolina,46868.0,9845333.0,25920.0,37,2015,35.5557,-79.3877
North Carolina,48256.0,9940828.0,26779.0,37,2016,35.5557,-79.3877
North Dakota,45140.0,639725.0,24978.0,38,2009,47.4501,-100.4659
North Dakota,46781.0,659858.0,25803.0,38,2010,47.4501,-100.4659
North Dakota,49415.0,666783.0,27305.0,38,2011,47.4501,-100.4659
North Dakota,51641.0,676253.0,28700.0,38,2012,47.4501,-100.4659
North Dakota,53741.0,689781.0,29732.0,38,2013,47.4501,-100.4659
North Dakota,55579.0,704925.0,30894.0,38,2014,47.4501,-100.4659
North Dakota,57181.0,721640.0,32035.0,38,2015,47.4501,-100.4659
North Dakota,59114.0,736162.0,33107.0,38,2016,47.4501,-100.4659
Nebraska,47995.0,1772124.0,24568.0,31,2009,41.5378,-99.7951
Nebraska,49342.0,1799125.0,25229.0,31,2010,41.5378,-99.7951
Nebraska,50695.0,1813061.0,26113.0,31,2011,41.5378,-99.7951
Nebraska,51381.0,1827306.0,26523.0,31,2012,41.5378,-99.7951
Nebraska,51672.0,1841625.0,26899.0,31,2013,41.5378,-99.7951
Nebraska,52400.0,1855617.0,27339.0,31,2014,41.5378,-99.7951
Nebraska,52997.0,1869365.0,27882.0,31,2015,41.5378,-99.7951
Nebraska,54384.0,1881259.0,28596.0,31,2016,41.5378,-99.7951
New Hampshire,63033.0,1315419.0,30640.0,33,2009,43.6805,-71.5811
New Hampshire,63277.0,1313939.0,31422.0,33,2010,43.6805,-71.5811
New Hampshire,64664.0,1315911.0,32357.0,33,2011,43.6805,-71.5811
New Hampshire,64925.0,1317474.0,32758.0,33,2012,43.6805,-71.5811
New Hampshire,64916.0,1319171.0,33134.0,33,2013,43.6805,-71.5811
New Hampshire,65986.0,1321069.0,33821.0,33,2014,43.6805,-71.5811
New Hampshire,66779.0,1324201.0,34362.0,33,2015,43.6805,-71.5811
New Hampshire,68485.0,1327503.0,35264.0,33,2016,43.6805,-71.5811
New Jersey,68981.0,8650548.0,34566.0,34,2009,40.1907,-74.6728
New Jersey,69811.0,8721577.0,34858.0,34,2010,40.1907,-74.6728
New Jersey,71180.0,8753064.0,35678.0,34,2011,40.1907,-74.6728
New Jersey,71637.0,8793888.0,35928.0,34,2012,40.1907,-74.6728
New Jersey,71629.0,8832406.0,36027.0,34,2013,40.1907,-74.6728
New Jersey,72062.0,8874374.0,36359.0,34,2014,40.1907,-74.6728
New Jersey,72093.0,8904413.0,36582.0,34,2015,40.1907,-74.6728
New Jersey,73702.0,8915456.0,37538.0,34,2016,40.1907,-74.6728
New Mexico,42742.0,1964860.0,22461.0,35,2009,34.4071,-106.1126
New Mexico,43820.0,2013122.0,22966.0,35,2010,34.4071,-106.1126
New Mexico,44631.0,2037136.0,23537.0,35,2011,34.4071,-106.1126
New Mexico,44886.0,2055287.0,23749.0,35,2012,34.4071,-106.1126
New Mexico,44927.0,2069706.0,23763.0,35,2013,34.4071,-106.1126
New Mexico,44968.0,2080085.0,23948.0,35,2014,34.4071,-106.1126
New Mexico,44963.0,2084117.0,24012.0,35,2015,34.4071,-106.1126
New Mexico,45674.0,2082669.0,24459.0,35,2016,34.4071,-106.1126
Nevada,55585.0,2545763.0,27395.0,32,2009,39.3289,-116.6312
Nevada,55726.0,2633331.0,27589.0,32,2010,39.3289,-116.6312
Nevada,55553.0,2673396.0,27625.0,32,2011,39.3289,-116.6312
Nevada,54083.0,2704204.0,27003.0,32,2012,39.3289,-116.6312
Nevada,52800.0,2730066.0,26589.0,32,2013,39.3289,-116.6312
Nevada,52205.0,2761584.0,26515.0,32,2014,39.3289,-116.6312
Nevada,51847.0,2798636.0,26541.0,32,2015,39.3289,-116.6312
Nevada,53094.0,2839172.0,27253.0,32,2016,39.3289,-116.6312
New York,55233.0,19423896.0,30634.0,36,2009,42.9538,-75.5268
New York,55603.0,19229752.0,30948.0,36,2010,42.9538,-75.5268
New York,56951.0,19302448.0,31796.0,36,2011,42.9538,-75.5268
New York,57683.0,19398125.0,32104.0,36,2012,42.9538,-75.5268
New York,58003.0,19487053.0,32382.0,36,2013,42.9538,-75.5268
New York,58687.0,19594330.0,32829.0,36,2014,42.9538,-75.5268
New York,59269.0,19673174.0,33236.0,36,2015,42.9538,-75.5268
New York,60741.0,19697457.0,34212.0,36,2016,42.9538,-75.5268
Ohio,47144.0,11511858.0,24830.0,39,2009,40.2862,-82.7937
Ohio,47358.0,11512431.0,25113.0,39,2010,40.2862,-82.7937
Ohio,48071.0,11525536.0,25618.0,39,2011,40.2862,-82.7937
Ohio,48246.0,11533561.0,25857.0,39,2012,40.2862,-82.7937
Ohio,48308.0,11549590.0,26046.0,39,2013,40.2862,-82.7937
Ohio,48849.0,11560380.0,26520.0,39,2014,40.2862,-82.7937
Ohio,49429.0,11575977.0,26953.0,39,2015,40.2862,-82.7937
Ohio,50674.0,11586941.0,27800.0,39,2016,40.2862,-82.7937
Oklahoma,41861.0,3610073.0,22561.0,40,2009,35.5889,-97.4943
Oklahoma,42979.0,3675339.0,23094.0,40,2010,35.5889,-97.4943
Oklahoma,44287.0,3714520.0,23770.0,40,2011,35.5889,-97.4943
Oklahoma,44891.0,3749005.0,24046.0,40,2012,35.5889,-97.4943
Oklahoma,45339.0,3785742.0,24208.0,40,2013,35.5889,-97.4943
Oklahoma,46235.0,3818851.0,24695.0,40,2014,35.5889,-97.4943
Oklahoma,46879.0,3849733.0,25032.0,40,2015,35.5889,-97.4943
Oklahoma,48038.0,3875589.0,25628.0,40,2016,35.5889,-97.4943
Oregon,49033.0,3727407.0,25893.0,41,2009,43.9336,-120.5583
Oregon,49260.0,3761925.0,26171.0,41,2010,43.9336,-120.5583
Oregon,49850.0,3801991.0,26561.0,41,2011,43.9336,-120.5583
Oregon,50036.0,3836628.0,26702.0,41,2012,43.9336,-120.5583
Oregon,50229.0,3868721.0,26809.0,41,2013,43.9336,-120.5583
Oregon,50521.0,3900343.0,27173.0,41,2014,43.9336,-120.5583
Oregon,51243.0,3939233.0,27684.0,41,2015,43.9336,-120.5583
Oregon,53270.0,3982267.0,28822.0,41,2016,43.9336,-120.5583
Pennsylvania,49737.0,12516596.0,26678.0,42,2009,40.8781,-77.7996
Pennsylvania,50398.0,12612705.0,27049.0,42,2010,40.8781,-77.7996
Pennsylvania,51651.0,12660739.0,27824.0,42,2011,40.8781,-77.7996
Pennsylvania,52267.0,12699589.0,28190.0,42,2012,40.8781,-77.7996
Pennsylvania,52548.0,12731381.0,28502.0,42,2013,40.8781,-77.7996
Pennsylvania,53115.0,12758729.0,28912.0,42,2014,40.8781,-77.7996
Pennsylvania,53599.0,12779559.0,29291.0,42,2015,40.8781,-77.7996
Pennsylvania,54895.0,12783977.0,30137.0,42,2016,40.8781,-77.7996
Puerto Rico,18627.0,3940109.0,10056.0,72,2009,18.2001,-66.6645
Puerto Rico,18791.0,3762322.0,10355.0,72,2010,18.2001,-66.6645
Puerto Rico,19122.0,3742586.0,10658.0,72,2011,18.2001,-66.6645
Puerto Rico,19515.0,3716727.0,10850.0,72,2012,18.2001,-66.6645
Puerto Rico,19624.0,3682966.0,11068.0,72,2013,18.2001,-66.6645
Puerto Rico,19686.0,3638965.0,11331.0,72,2014,18.2001,-66.6645
Puerto Rico,19350.0,3583073.0,11394.0,72,2015,18.2001,-66.6645
Puerto Rico,19606.0,3529385.0,11688.0,72,2016,18.2001,-66.6645
Rhode Island,55569.0,1057381.0,28638.0,44,2009,41.6762,-71.5562
Rhode Island,54902.0,1056389.0,28707.0,44,2010,41.6762,-71.5562
Rhode Island,55975.0,1053959.0,29685.0,44,2011,41.6762,-71.5562
Rhode Island,56102.0,1052471.0,30005.0,44,2012,41.6762,-71.5562
Rhode Island,56361.0,1051695.0,30469.0,44,2013,41.6762,-71.5562
Rhode Island,56423.0,1053252.0,30765.0,44,2014,41.6762,-71.5562
Rhode Island,56852.0,1053661.0,31118.0,44,2015,41.6762,-71.5562
Rhode Island,58387.0,1054491.0,31904.0,44,2016,41.6762,-71.5562
South Carolina,43572.0,4416867.0,23196.0,45,2009,33.9169,-80.8964
South Carolina,43939.0,4511428.0,23443.0,45,2010,33.9169,-80.8964
South Carolina,44587.0,4575864.0,23854.0,45,2011,33.9169,-80.8964
South Carolina,44623.0,4630351.0,23906.0,45,2012,33.9169,-80.8964
South Carolina,44779.0,4679602.0,23943.0,45,2013,33.9169,-80.8964
South Carolina,45033.0,4727273.0,24222.0,45,2014,33.9169,-80.8964
South Carolina,45483.0,4777576.0,24604.0,45,2015,33.9169,-80.8964
South Carolina,46898.0,4834605.0,25521.0,45,2016,33.9169,-80.8964
South Dakota,44828.0,796513.0,23445.0,46,2009,44.4443,-100.2263
South Dakota,46369.0,799462.0,24110.0,46,2010,44.4443,-100.2263
South Dakota,48010.0,807697.0,24925.0,46,2011,44.4443,-100.2263
South Dakota,49091.0,815871.0,25570.0,46,2012,44.4443,-100.2263
South Dakota,49495.0,825198.0,25740.0,46,2013,44.4443,-100.2263
South Dakota,50338.0,834708.0,26311.0,46,2014,44.4443,-100.2263
South Dakota,50957.0,843190.0,26747.0,46,2015,44.4443,-100.2263
South Dakota,52078.0,851058.0,27516.0,46,2016,44.4443,-100.2263
Tennessee,42943.0,6158953.0,23557.0,47,2009,35.858000000000004,-86.3505
Tennessee,43314.0,6234968.0,23722.0,47,2010,35.858000000000004,-86.3505
Tennessee,43989.0,6297991.0,24197.0,47,2011,35.858000000000004,-86.3505
Tennessee,44140.0,6353226.0,24294.0,47,2012,35.858000000000004,-86.3505
Tennessee,44298.0,6402387.0,24409.0,47,2013,35.858000000000004,-86.3505
Tennessee,44621.0,6451365.0,24811.0,47,2014,35.858000000000004,-86.3505
Tennessee,45219.0,6499615.0,25227.0,47,2015,35.858000000000004,-86.3505
Tennessee,46574.0,6548009.0,26019.0,47,2016,35.858000000000004,-86.3505
Texas,48199.0,23819042.0,24318.0,48,2009,31.4757,-99.3312
Texas,49646.0,24311891.0,24870.0,48,2010,31.4757,-99.3312
Texas,50920.0,24774187.0,25548.0,48,2011,31.4757,-99.3312
Texas,51563.0,25208897.0,25809.0,48,2012,31.4757,-99.3312
Texas,51900.0,25639373.0,26019.0,48,2013,31.4757,-99.3312
Texas,52576.0,26092033.0,26513.0,48,2014,31.4757,-99.3312
Texas,53207.0,26538614.0,26999.0,48,2015,31.4757,-99.3312
Texas,54727.0,26956435.0,27828.0,48,2016,31.4757,-99.3312
Utah,55642.0,2651816.0,22684.0,49,2009,39.3055,-111.6703
Utah,56330.0,2657236.0,23139.0,49,2010,39.3055,-111.6703
Utah,57783.0,2715379.0,23650.0,49,2011,39.3055,-111.6703
Utah,58164.0,2766233.0,23794.0,49,2012,39.3055,-111.6703
Utah,58821.0,2813673.0,23873.0,49,2013,39.3055,-111.6703
Utah,59846.0,2858111.0,24312.0,49,2014,39.3055,-111.6703
Utah,60727.0,2903379.0,24686.0,49,2015,39.3055,-111.6703
Utah,62518.0,2948427.0,25600.0,49,2016,39.3055,-111.6703
Virginia,60316.0,7721730.0,31606.0,51,2009,37.5215,-78.8537
Virginia,61406.0,7841754.0,32145.0,51,2010,37.5215,-78.8537
Virginia,63302.0,7926192.0,33040.0,51,2011,37.5215,-78.8537
Virginia,63636.0,8014955.0,33326.0,51,2012,37.5215,-78.8537
Virginia,63907.0,8100653.0,33493.0,51,2013,37.5215,-78.8537
Virginia,64792.0,8185131.0,33958.0,51,2014,37.5215,-78.8537
Virginia,65015.0,8256630.0,34152.0,51,2015,37.5215,-78.8537
Virginia,66149.0,8310301.0,34967.0,51,2016,37.5215,-78.8537
Vermont,51284.0,620414.0,27036.0,50,2009,44.0687,-72.6658
Vermont,51841.0,624258.0,27478.0,50,2010,44.0687,-72.6658
Vermont,53422.0,624958.0,28376.0,50,2011,44.0687,-72.6658
Vermont,54168.0,625498.0,28846.0,50,2012,44.0687,-72.6658
Vermont,54267.0,625904.0,29167.0,50,2013,44.0687,-72.6658
Vermont,54447.0,626358.0,29535.0,50,2014,44.0687,-72.6658
Vermont,55176.0,626604.0,29894.0,50,2015,44.0687,-72.6658
Vermont,56104.0,626249.0,30663.0,50,2016,44.0687,-72.6658
Washington,56384.0,6465755.0,29320.0,53,2009,47.3826,-120.4472
Washington,57244.0,6561297.0,29733.0,53,2010,47.3826,-120.4472
Washington,58890.0,6652845.0,30481.0,53,2011,47.3826,-120.4472
Washington,59374.0,6738714.0,30661.0,53,2012,47.3826,-120.4472
Washington,59478.0,6819579.0,30742.0,53,2013,47.3826,-120.4472
Washington,60294.0,6899123.0,31233.0,53,2014,47.3826,-120.4472
Washington,61062.0,6985464.0,31762.0,53,2015,47.3826,-120.4472
Washington,62848.0,7073146.0,32999.0,53,2016,47.3826,-120.4472
Wisconsin,51569.0,5599420.0,26447.0,55,2009,44.6243,-89.9941
Wisconsin,51598.0,5637947.0,26624.0,55,2010,44.6243,-89.9941
Wisconsin,52374.0,5664893.0,27192.0,55,2011,44.6243,-89.9941
Wisconsin,52627.0,5687219.0,27426.0,55,2012,44.6243,-89.9941
Wisconsin,52413.0,5706871.0,27523.0,55,2013,44.6243,-89.9941
Wisconsin,52738.0,5724692.0,27907.0,55,2014,44.6243,-89.9941
Wisconsin,53357.0,5742117.0,28340.0,55,2015,44.6243,-89.9941
Wisconsin,54610.0,5754798.0,29253.0,55,2016,44.6243,-89.9941
West Virginia,37356.0,1811403.0,20891.0,54,2009,38.6409,-80.6227
West Virginia,38380.0,1840802.0,21232.0,54,2010,38.6409,-80.6227
West Virginia,39550.0,1846372.0,22010.0,54,2011,38.6409,-80.6227
West Virginia,40400.0,1850481.0,22482.0,54,2012,38.6409,-80.6227
West Virginia,41043.0,1853619.0,22966.0,54,2013,38.6409,-80.6227
West Virginia,41576.0,1853881.0,23237.0,54,2014,38.6409,-80.6227
West Virginia,41751.0,1851420.0,23450.0,54,2015,38.6409,-80.6227
West Virginia,42644.0,1846092.0,24002.0,54,2016,38.6409,-80.6227
Wyoming,51990.0,523949.0,26925.0,56,2009,42.9957,-107.5512
Wyoming,53802.0,545579.0,27860.0,56,2010,42.9957,-107.5512
Wyoming,56380.0,554697.0,28952.0,56,2011,42.9957,-107.5512
Wyoming,56573.0,562803.0,28858.0,56,2012,42.9957,-107.5512
Wyoming,57406.0,570134.0,28902.0,56,2013,42.9957,-107.5512
Wyoming,58252.0,575251.0,29381.0,56,2014,42.9957,-107.5512
Wyoming,58840.0,579679.0,29803.0,56,2015,42.9957,-107.5512
Wyoming,59143.0,583029.0,30139.0,56,2016,42.9957,-107.5512
